{
	"$schema": "https://schemas.wp.org/trunk/theme.json",
	"version": 2,
	"customTemplates": [
		{
			"name": "blank",
			"postTypes": [
				"page",
				"post"
			],
			"title": "Blank"
		},
		{
			"name": "blog-alternative",
			"postTypes": [
				"page"
			],
			"title": "Blog (Alternative)"
		},
		{
			"name": "404",
			"postTypes": [
				"page"
			],
			"title": "404"
		}
	],
	"settings": {
		"appearanceTools": true,
		"color": {
			"palette": [
				{
					"color": "#ffdab9",
					"name": "Base (peachpuff)",
					"slug": "base"
				},
				{
					"color": "#011b3b",
					"name": "Contrast (dark grayish)",
					"slug": "contrast"
				},
				{
					"color": "#5aa4e1",
					"name": "Primary",
					"slug": "primary"
				},
				{
					"color": "#044c88",
					"name": "Secondary",
					"slug": "secondary"
				},
				{
					"color": "#12afa9",
					"name": "Tertiary",
					"slug": "tertiary"
				},
				{
					"color": "#030f63;",
					"name": "dark midnight blue",
					"slug": "dark-midnight-blue"
				},
				{
					"color": "#191970;",
					"name": "midnight blue",
					"slug": "midnight-blue"
				},
				{
					"color": "#4b8402;",
					"name": "soft grass green",
					"slug": "soft-grass-green"
				},
				{
					"color": "#e50691;",
					"name": "dark deep pink",
					"slug": "dark-deep-pink"
				},
				{
					"color": "#b80122;",
					"name": "pinkish red alert",
					"slug": "pinkish-red-alert"
				},
				{
					"color": "#ffc0cb;",
					"name": "pale pink",
					"slug": "pale-pink"
				},
				{
					"color": "#ffe8b7;",
					"name": "sandy yellow",
					"slug": "sandy-yellow"
				},
				{
					"color": "#ffffff;",
					"name": "white",
					"slug": "white"
				},
				{
					"color": "#000000;",
					"name": "black",
					"slug": "black"
				}
			]
		},
		"layout": {
			"contentSize": "650px",
			"wideSize": "1200px"
		},
		"spacing": {
			"spacingScale": {
				"steps": 0
			},
			"spacingSizes": [
				{
					"size": "clamp(1.5rem, 5vw, 2rem)",
					"slug": "30",
					"name": "1"
				},
				{
					"size": "clamp(1.8rem, 1.8rem + ((1vw - 0.48rem) * 2.885), 3rem)",
					"slug": "40",
					"name": "2"
				},
				{
					"size": "clamp(2.5rem, 8vw, 4.5rem)",
					"slug": "50",
					"name": "3"
				},
				{
					"size": "clamp(3.75rem, 10vw, 7rem)",
					"slug": "60",
					"name": "4"
				},
				{
					"size": "clamp(5rem, 5.25rem + ((1vw - 0.48rem) * 9.096), 8rem)",
					"slug": "70",
					"name": "5"
				},
				{
					"size": "clamp(7rem, 14vw, 11rem)",
					"slug": "80",
					"name": "6"
				}
			],
			"units": [
				"%",
				"px",
				"em",
				"rem",
				"vh",
				"vw"
			]
		},
		"typography": {
			"dropCap": false,
			"fluid": true,
			"fontFamilies": [
				{
					"fontFace": [
						{
							"fontFamily": "Atkinson Hyperlegible",
							"fontStretch": "normal",
							"fontStyle": "normal",
							"fontWeight": "700",
							"src": [
								"file:./fonts/atkinson-Hyperlegible-Bold-102a.woff2"
							]
						},
						{
							"fontFamily": "Atkinson Hyperlegible",
							"fontStretch": "normal",
							"fontStyle": "italic",
							"fontWeight": "700",
							"src": [
								"file:./fonts/atkinson-Hyperlegible-BoldItalic-102a.woff2"
							]
						},
						{
							"fontFamily": "Atkinson Hyperlegible",
							"fontStretch": "normal",
							"fontStyle": "italic",
							"fontWeight": "400",
							"src": [
								"file:./fonts/atkinson-Hyperlegible-Italic-102a.woff2"
							]
						},
						{
							"fontFamily": "Atkinson Hyperlegible",
							"fontStretch": "normal",
							"fontStyle": "normal",
							"fontWeight": "400",
							"src": [
								"file:./fonts/atkinson-Hyperlegible-Regular-102a.woff2"
							]
						}
					],
					"fontFamily": "\"Atkinson Hyperlegible\", sans-serif",
					"name": "Atkinson Hyperlegible",
					"slug": "atkinson-hyperlegible"
				},

				{
					"fontFace": [
						{
							"fontFamily": "Markazi Text",
							"fontStretch": "normal",
							"fontStyle": "normal",
							"fontWeight": "700",
							"src": [
								"file:./fonts/markazi-text-v28-arabic_latin_latin-ext-700.woff2"
							]
						},
						{
							"fontFamily": "Markazi Text",
							"fontStretch": "normal",
							"fontStyle": "normal",
							"fontWeight": "400",
							"src": [
								"file:./fonts/markazi-text-v28-arabic_latin_latin-ext-regular.woff2"
							]
						}
					],
					"fontFamily": "\"Markazi Text\", serif",
					"name": "Markazi Text",
					"slug": "markazi-text"
				},

				{
					"fontFace": [
						{
							"fontFamily": "Nunito",
							"fontStretch": "normal",
							"fontStyle": "normal",
							"fontWeight": "300",
							"src": [
								"file:./fonts/nunito-v26-latin-300.woff2"
							]
						},
						{
							"fontFamily": "Nunito",
							"fontStretch": "normal",
							"fontStyle": "normal",
							"fontWeight": "700",
							"src": [
								"file:./fonts/nunito-v26-latin-700.woff2"
							]
						}
					],
					"fontFamily": "\"Nunito\", Avenir, Futura, Helvetica, sans-serif",
					"name": "Nunito",
					"slug": "nunito"
				},

				{
					"fontFace": [
						{
							"fontFamily": "Roboto Slab",
							"fontStretch": "normal",
							"fontStyle": "normal",
							"fontWeight": "700",
							"src": [
								"file:./fonts/roboto-slab-v34-latin_latin-ext-700.woff2"
							]
						},
						{
							"fontFamily": "Roboto Slab",
							"fontStretch": "normal",
							"fontStyle": "normal",
							"fontWeight": "400",
							"src": [
								"file:./fonts/roboto-slab-v34-latin_latin-ext-regular.woff2"
							]
						}
					],
					"fontFamily": "\"Roboto Slab\", sans-serif",
					"name": "Roboto Slab",
					"slug": "roboto-slab"
				},

				{
					"fontFace": [
						{
							"fontFamily": "Roboto Slab Black",
							"fontStretch": "normal",
							"fontStyle": "normal",
							"fontWeight": "900",
							"src": [
								"file:./fonts/roboto-slab-black.ttf"
							]
						}
					],
					"fontFamily": "\"Roboto Slab Black\", \"Arial Black\" sans-serif",
					"name": "Roboto Slab Black",
					"slug": "roboto-slab-black"
				},

				{
					"fontFamily": "-apple-system,BlinkMacSystemFont,\"Segoe UI\",Roboto,Oxygen-Sans,Ubuntu,Cantarell,\"Helvetica Neue\",sans-serif",
					"name": "System Font",
					"slug": "system-font"
				}
			],
			"fontSizes": [
				{
					"fluid": {
						"min": "0.875rem",
						"max": "1rem"
					},
					"size": "1rem",
					"slug": "small"
				},
				{
					"fluid": {
						"min": "1rem",
						"max": "1.125rem"
					},
					"size": "1.125rem",
					"slug": "medium"
				},
				{
					"fluid": {
						"min": "1.75rem",
						"max": "1.875rem"
					},
					"size": "1.75rem",
					"slug": "large"
				},
				{
					"fluid": false,
					"size": "2.25rem",
					"slug": "x-large"
				},
				{
					"fluid": {
						"min": "4rem",
						"max": "10rem"
					},
					"size": "10rem",
					"slug": "xx-large"
				}
			]
		},
		"useRootPaddingAwareAlignments": true
	},
	"styles": {
		"blocks": {
			"core/navigation": {
				"elements": {
					"link": {
						":hover": {
							"typography": {
								"textDecoration": "underline"
							}
						},
						":focus": {
							"typography": {
								"textDecoration": "underline dashed"
							}
						},
						":active": {
							"typography": {
								"textDecoration": "none"
							}
						},
						"typography": {
							"textDecoration": "none"
						}
					}
				},
				"typography": {
					"fontSize": "var(--wp--preset--font-size--small)"
				}
			},
			"core/post-author": {
				"typography": {
					"fontSize": "var(--wp--preset--font-size--small)"
				}
			},
			"core/post-content": {
				"elements": {
					"link": {
						"color": {
							"text": "var(--wp--preset--color--secondary)"
						}
					}
				}
			},
			"core/post-excerpt": {
				"typography": {
					"fontSize": "var(--wp--preset--font-size--medium)"
				}
			},
			"core/post-date": {
				"typography": {
					"fontSize": "var(--wp--preset--font-size--small)",
					"fontWeight": "400"
				},
				"elements": {
					"link": {
						"typography": {
							"textDecoration": "none"
						},
						":hover": {
							"typography": {
								"textDecoration": "underline"
							}
						}
					}
				}
			},
			"core/post-terms": {
				"typography": {
					"fontSize": "var(--wp--preset--font-size--small)"
				}
			},
			"core/post-title": {
				"spacing": {
					"margin": {
						"bottom": "1.25rem",
						"top": "1.25rem"
					}
				},
				"typography": {
					"fontWeight": "400"
				},
				"elements": {
					"link": {
						":hover": {
							"typography": {
								"textDecoration": "underline"
							}
						},
						":focus": {
							"typography": {
								"textDecoration": "underline dashed"
							}
						},
						":active": {
							"color": {
								"text": "var(--wp--preset--color--secondary)"
							},
							"typography": {
								"textDecoration": "none"
							}
						},
						"typography": {
							"textDecoration": "none"
						}
					}
				}
			},
			"core/comments-title":{
				"typography": {
					"fontSize": "var(--wp--preset--font-size--large)"
				},
				"spacing": {
					"margin": {
						"bottom": "var(--wp--preset--spacing--40)"
					}
				}
			},
			"core/comment-author-name": {
				"elements": {
					"link": {
						":hover": {
							"typography": {
								"textDecoration": "underline"
							}
						},
						":focus": {
							"typography": {
								"textDecoration": "underline dashed"
							}
						},
						":active": {
							"color": {
								"text": "var(--wp--preset--color--secondary)"
							},
							"typography": {
								"textDecoration": "none"
							}
						},
						"typography": {
							"textDecoration": "none"
						}
					}
				}
			},
			"core/comment-date": {
				"typography": {
					"fontSize": "var(--wp--preset--font-size--small)"
				},
				"elements": {
					"link": {
						":hover": {
							"typography": {
								"textDecoration": "underline"
							}
						},
						":focus": {
							"typography": {
								"textDecoration": "underline dashed"
							}
						},
						":active": {
							"color": {
								"text": "var(--wp--preset--color--secondary)"
							},
							"typography": {
								"textDecoration": "none"
							}
						},
						"typography": {
							"textDecoration": "none"
						}
					}
				}
			},
			"core/comment-edit-link": {
				"typography": {
					"fontSize": "var(--wp--preset--font-size--small)"
				}
			},
			"core/comment-reply-link": {
				"typography": {
					"fontSize": "var(--wp--preset--font-size--small)"
				}
			},
			"core/comments-pagination": {
				"spacing": {
					"margin": {
						"top": "var(--wp--preset--spacing--40)"
					}
				},
				"elements": {
					"link": {
						"typography": {
							"textDecoration": "none"
						}
					}
				}
			},
			"core/pullquote": {
				"border": {
					"style": "solid",
					"width": "1px 0"
				},
				"elements": {
					"cite": {
						"typography": {
							"fontSize": "var(--wp--preset--font-size--small)",
							"fontStyle": "normal",
							"textTransform": "none"
						}
					}
				},
				"typography": {
					"lineHeight": "1.3"
				},
				"spacing": {
					"margin": {
						"bottom": "var(--wp--preset--spacing--40) !important",
						"top": "var(--wp--preset--spacing--40) !important"
					}
				}
			},
			"core/query": {
				"elements": {
					"h2": {
						"typography": {
							"fontSize": "var(--wp--preset--font-size--x-large)"
						}
					}
				}
			},
			"core/query-pagination": {
				"typography": {
					"fontSize": "var(--wp--preset--font-size--small)",
					"fontWeight": "400"
				},
				"elements": {
					"link": {
						"typography": {
							"textDecoration": "none"
						},
						":hover": {
							"typography": {
								"textDecoration": "underline"
							}
						}
					}
				}
			},
			"core/quote": {
				"border": {
					"left": {
						"color": "inherit",
						"style": "solid",
						"width": "1px"
					}
				},
				"elements": {
					"cite": {
						"typography": {
							"fontSize": "var(--wp--preset--font-size--small)",
							"fontStyle": "normal"
						}
					}
				},
				"spacing": {
					"padding": {
						"left": "var(--wp--preset--spacing--30)",
						"right": "var(--wp--preset--spacing--30)"
					}
				}
			},
			"core/site-title": {
				"elements": {
					"link": {
						":hover": {
							"typography": {
								"textDecoration": "underline"
							}
						},
						":focus": {
							"typography": {
								"textDecoration": "underline dashed"
							}
						},
						":active": {
							"color": {
								"text": "var(--wp--preset--color--secondary)"
							},
							"typography": {
								"textDecoration": "none"
							}
						},
						"typography": {
							"textDecoration": "none"
						}
					}
				},
				"typography": {
					"fontSize": "var(--wp--preset--font-size--medium)",
					"fontWeight": "normal",
					"lineHeight": "1.4"
				}
			},
			"core/separator": {
				"css": " &:not(.is-style-wide):not(.is-style-dots):not(.alignwide):not(.alignfull){width: 100px}"
			}
		},
		"color": {
			"background": "var(--wp--preset--color--base)",
			"text": "var(--wp--preset--color--contrast)"
		},
		"elements": {
			"button": {
				"border": {
					"radius": "0"
				},
				"color": {
					"background": "var(--wp--preset--color--primary)",
					"text": "var(--wp--preset--color--contrast)"
				},
				":hover": {
					"color": {
						"background": "var(--wp--preset--color--contrast)",
						"text": "var(--wp--preset--color--base)"
					}
				},
				":focus": {
					"color": {
						"background": "var(--wp--preset--color--contrast)",
						"text": "var(--wp--preset--color--base)"
					}
				},
				":active": {
					"color": {
						"background": "var(--wp--preset--color--secondary)",
						"text": "var(--wp--preset--color--base)"
					}
				},
				":visited": {
					"color": {
						"text": "var(--wp--preset--color--contrast)"
					}
				}
			},
			"h1": {
				"typography": {
					"fontSize": "3.625rem",
					"lineHeight": "1.2"
				}
			},
			"h2": {
				"typography": {
					"fontSize": "clamp(2.625rem, calc(2.625rem + ((1vw - 0.48rem) * 8.4135)), 3.25rem)",
					"lineHeight": "1.2"
				}
			},
			"h3": {
				"typography": {
					"fontSize": "var(--wp--preset--font-size--x-large)"
				}
			},
			"h4": {
				"typography": {
					"fontSize": "var(--wp--preset--font-size--large)"
				}
			},
			"h5": {
				"typography": {
					"fontSize": "var(--wp--preset--font-size--medium)",
					"fontWeight": "700",
					"textTransform": "uppercase"
				}
			},
			"h6": {
				"typography": {
					"fontSize": "var(--wp--preset--font-size--medium)",
					"textTransform": "uppercase"
				}
			},
			"heading": {
				"typography": {
					"fontWeight": "400",
					"lineHeight": "1.4"
				}
			},
			"link": {
				"color": {
					"text": "var(--wp--preset--color--contrast)"
				},
				":hover": {
					"typography": {
						"textDecoration": "none"
					}
				},
				":focus": {
					"typography": {
						"textDecoration": "underline dashed"
					}
				},
				":active": {
					"color": {
						"text": "var(--wp--preset--color--secondary)"
					},
					"typography": {
						"textDecoration": "none"
					}
				},
				"typography": {
					"textDecoration": "underline"
				}
			}
		},
		"spacing": {
			"blockGap": "1.5rem",
			"padding": {
				"top": "var(--wp--preset--spacing--40)",
				"right": "var(--wp--preset--spacing--30)",
				"bottom": "var(--wp--preset--spacing--40)",
				"left": "var(--wp--preset--spacing--30)"
			}
		},
		"typography": {
			"fontFamily": "var(--wp--preset--font-family--system-font)",
			"fontSize": "var(--wp--preset--font-size--medium)",
			"lineHeight": "1.6"
		}
	},
	"templateParts": [
		{
			"area": "header",
			"name": "header",
			"title": "Header"
		},
		{
			"area": "footer",
			"name": "footer",
			"title": "Footer"
		},
		{
			"area": "uncategorized",
			"name": "comments",
			"title": "Comments"
		},
		{
			"area": "uncategorized",
			"name": "post-meta",
			"title": "Post Meta"
		}
	]
}
